1.0585423945808716,-0.2942623203617328,-0.35754406950570683,-0.3175034898227476,-0.37277587253649985,-0.2750618398493946,-0.24365643271816803,-0.13768700231913927,-0.2972047413760896,-0.12336098073926917,-0.38978301083408934,-0.145258101568234,-0.46780160726031733,-0.16189602610250686,-0.445793848524533,-0.12019458192437983,-0.18974476607687413,-0.25771964115523466,-0.014286780330617813,-0.42377809412300566,0.047310873634568304,-0.49470640027336843,-0.05568580780931632,-0.6083851151277714,0.06720013534833925,-0.7455940837818398,-0.11121966502930289
-0.5144772880294183,-0.28403734584345536,-0.3635848227875921,-0.3177569949282698,-0.43667798074351954,-0.3223245244913708,-0.4508924400236427,-0.3137550216329781,-0.38278274913804894,-0.21391898254875338,0.43086976300491975,0.3164558731843643,0.35508142050645053,0.20219409078044687,-0.445793848524533,-0.5037447246578443,-0.5214483219753007,-0.6278463578562753,-0.6423257065643861,-0.8287016129594198,-0.8023044249546875,-0.8066553100217708,-0.8665480382255325,0.791314228531189,0.1550081269643448,0.6715707540143836,0.007993365817764908
-0.49552524366061956,-0.014700636431586015,0.0849653778780926,0.18532848422337653,0.013835499157089372,0.034128079115378296,-0.1155240761358267,-0.10963354249364014,-0.16811150677413414,-0.17790593679662234,-0.27984950767939143,-0.2516123873549656,-0.35756934239418814,-0.2966987741879557,-0.39667286765278037,0.7325601820581252,0.5844487112275562,0.565190549138581,0.25479679009638195,0.23995576442276717,-0.02168719722635641,0.016627330430727984,-0.22178970713094134,-0.09428234677152521,-0.3693576180216957,-0.22507632428670768,-0.534787176145021
-0.30600479997263286,-0.28403734584345536,-0.3240506134526208,-0.28459248503536844,-0.23319425570993962,-0.14729812489150082,0.7680590981297789,0.6411511359535723,0.7220977506549937,0.7946383533502409,0.4782368669604451,0.6138708219756029,0.40257725207127787,0.4648272156454811,-0.39667286765278037,-0.6750536816889964,-0.6696005030682738,-0.7931598716397441,-0.7625092775456154,0.7929581105359285,0.2310335475246044,0.5844954913804896,0.9579738854867534,0.47666100406833356,0.765320210033896,0.35299127633720506,0.6507201861674864
-0.5144772880294183,-0.28060019206268655,-0.3793255414871234,-0.38110043385991726,-0.4524875956917198,-0.4141590796789188,-0.5044965987412873,-0.43233544756726733,-0.4381461813057668,-0.33595394350965707,-0.5098062349705936,-0.36299652895792706,-0.5881510135235213,-0.36370646935612283,1.5436058767814471,1.0016516853592714,0.7804553578948082,0.8248644314090741,0.4738925035665874,0.4725574621362414,0.05465978059016974,0.19582128344154168,0.4131399908676958,0.08588199949349694,0.267017614502783,-0.042663881423161854,0.08265203160077696
-0.5296389235244572,0.7928882172740739,1.4343675726339329,1.6975337245897009,1.3691439521301676,2.5370364642269143,1.014974828346619,1.8638103201525367,0.9708651279045633,1.4004573820326935,0.6900827420442601,1.2501920227191146,0.6149988518830737,1.2423855451577304,1.7830706585312412,1.208586841419026,1.7349225068831662,2.430453647137897,3.5614403492171034,1.910756691660399,2.42509054638028,1.3037951619168544,1.7232967825583825,1.1998559151321548,2.138599965837574,1.0852102371274948,2.2360126620277367
-0.04067617880945143,-0.26318286166224836,-0.2842502226614753,-0.24138628326828476,-0.3547111110812152,-0.19711354681141763,-0.35581012207900325,-0.15182020866347254,-0.27487090737350517,-0.030378804716885657,-0.18052568658777082,0.1427224250331048,0.6149988518830737,0.7119205925802542,-0.445793848524533,-0.7175019188294589,-0.7063107780293645,-0.8341225122232585,-0.7922892774347695,-1.013472539030405,-0.9174373005924433,-0.9490009290331777,-0.9589371893275014,0.2244309192973027,-0.2790674216956969,0.09761385632824099,-0.09104978354760197
-0.5485909678932558,2.9086042339074036,1.4105505953994186,1.318824680396616,1.3452227293133892,1.7906661510359818,0.9950214988082944,2.089302763072367,0.9507621662492397,1.6405321487897258,0.6729634173533223,1.6807623270077812,0.597833002715098,1.4615815463833755,3.467218574134187,2.6639549719491677,2.218055946996092,2.4289906956884857,1.5800067851637412,1.9094462595606048,1.9874223099133497,1.3027856185196103,1.5571928832367576,1.1988409047306616,1.948090754345604,1.084182561393052,2.1538279210649853
-0.4652019726705417,1.796043309392342,0.7861483985988132,1.4798687242969268,0.7180875588893174,1.297325536695129,0.47191133774379473,1.2961211055036814,0.4237291470635702,1.2526787824654975,0.22415146949311943,1.227384292991936,0.14780133728194675,1.0894758232671349,1.8321916394029936,1.2510350785594884,2.5877808591042193,1.065519944837221,2.000117497885737,0.6881235425523907,1.8490178955828551,0.361891172288183,1.5938864467949856,0.2528512105391089,1.7706131175810973,0.12638877689263125,1.541506444441409
-0.3022143910988731,-0.2011718088333938,-0.2751108040750669,-0.20452427662903638,-0.2873350707722783,-0.11751506740643433,-0.24588644127875917,-0.015684371075522223,0.8636550593724812,0.6716410456584827,0.598784554005764,0.6506139312314705,0.5234525465543409,0.9359230267940487,-0.445793848524533,-0.7175019188294589,-0.7063107780293645,-0.8341225122232585,-0.7922892774347695,-0.9767804402361668,-0.89457403450835,0.5900479800653317,0.05832633610375155,0.4822435612765455,-0.10407198964118411,0.3586434928766388,0.5044132846733576
-0.5485909678932558,0.24546288983810155,0.09508810207907446,0.31630655990916384,0.4160001476673206,0.8296672105885441,4.233947585388694,3.731991230546956,4.213977300239376,5.298717426145631,3.451859401585858,4.857769730590714,3.3842810770413227,4.4595794689827715,-0.1975574630476404,-0.5029867204231933,-0.48408250638990474,-0.6271148821315697,-0.522142135583157,0.06239221490065042,-0.0396511920067154,4.748862005012074,3.4436351954535547,4.663578910227298,3.22456452645955,4.592153680912564,3.2243368546310776
-0.40834583956414566,-0.1900624367919803,-0.28916518496107035,-0.2110838854216678,-0.3077336100633461,-0.13768214093246875,-0.29917839879792096,-0.06724272316572996,-0.1768446847781035,0.08726238366093475,2.0580271921706914,1.4942633351317811,1.9866609077742166,1.3823447256316153,0.4454010901486927,0.05263038357607456,-0.040281503735290596,-0.09094317592235465,-0.2519949937315445,-0.34777303233494083,-0.5026323302096063,-0.4361528832332152,-0.6077273666987403,1.083637224161197,0.5788445811956652,0.9675413655338272,0.4703954248609369
-0.3249568443414315,-0.316902338974508,-0.1900861838799064,-0.18768523283217337,0.015164368612100847,0.11280716897302948,-0.11441563070423867,-0.03218117820690982,-0.1669947489936628,-0.09037176243936394,-0.27889849661083294,-0.1304595847609759,-0.35661574680238345,-0.06610158476844553,-0.3466747264083179,-0.631847440313883,-0.632234687482878,1.1481767017289555,0.7089417884059827,0.7621629561907644,0.2351162736110497,0.4189303742324703,-0.034062814998217214,0.3101992982234682,-0.19156970566844045,0.1844524558886333,-0.022411977908381318
-0.3439088887102302,-0.5053041204804489,-0.497838920415555,-0.5345537730720792,-0.5636439871936286,-0.5968088912640546,-0.5865635373105236,-0.6199310805484224,-0.6313386692930912,-0.5842186747277669,-0.6630259354126599,-0.6274038313493536,-0.7147591667123444,-0.6456515579100592,-0.445793848524533,-0.7175019188294589,-0.7063107780293645,-0.8341225122232585,-0.7922892774347695,-1.013472539030405,-0.9174373005924433,-0.9490009290331777,-0.9589371893275014,-1.0651397957996585,-1.0674776927072525,-1.149984485284968,-1.1781160825091215
-0.35148970645774963,-0.5453196210304224,-0.49912128872500655,-0.5544690290820664,-0.5728076822401982,-0.6441658722698597,-0.6048587898955615,-0.686123342202559,-0.6611157930230296,-0.6619414720056306,-0.6996831916422656,-0.725579281154169,-0.7785439909068848,-0.7708301678968158,-0.29755374553656533,-0.46053848328273067,-0.37329614088232754,-0.5861522415480553,-0.522142135583157,-0.7913542981152846,-0.710034815401025,-0.7778833232003162,-0.792505668902678,-0.8930955327465809,-0.9098576936226912,-1.0338571272929642,-1.0592040946692434
-0.4272978839329443,1.4073157242546437,0.5679829455718071,0.5181425963332953,0.49896720783067483,0.2598432645763427,0.2891372125782632,0.012233573291597853,0.2395843795083242,-0.11568638645853437,0.06733705975759094,-0.223293472901318,-0.00943924045592185,-0.2817699752913662,1.7821934981585312,1.2078288371843746,2.4022628624258506,1.023825828529001,1.7294385703218182,0.6507762277082554,1.0185914095998925,0.3331191854667284,0.5946420820396491,0.22392341409655606,0.473971432198457,0.09710001846101966,0.4703954248609369
3.181171363886323,-0.5613168935782539,-0.5277608476360904,-0.5860258174767338,-0.5930002074500749,-0.6617543892754766,-0.6103354285664251,-0.6867877199368203,-0.6351779371655989,-0.638713199118679,-0.49866983908493007,-0.5853711114037199,-0.47307628867581397,-0.48710126597427084,-0.445793848524533,-0.7175019188294589,-0.7063107780293645,-0.8341225122232585,-0.7922892774347695,-1.013472539030405,-0.9174373005924433,-0.9490009290331777,-0.9589371893275014,-0.5495145118411725,-0.7522376945381298,-0.685988891184174,-0.6172729601149619
-0.37044175082654834,0.5532750763527167,1.4113929814195467,1.5654496836248997,1.3460688024101888,1.2483924593224687,0.9957272309292343,0.9965113865260625,0.951473190729587,1.4016352723242278,0.6735689131579191,1.1399733355125967,0.5984401440504717,0.9036205056539428,-0.04931736005967278,1.12293236290345,1.1816462199695852,0.9419005473619724,1.249767857821514,0.5773920301197791,0.6503295166025311,2.128592117465219,2.2966337131557073,2.029119413152003,2.103228548720172,1.9248213121670266,1.932260267773465
2.8021304765103494,0.5011318911558259,0.0594056949922726,-0.01574835038214436,-0.011836057036526517,-0.046376318927818704,-0.13693740539646757,-0.043560076858212476,-0.1896854168432618,-0.1095862273534045,-0.2982214658843002,-0.16200133739254377,-0.37599122930616197,-0.17097628429576242,0.4462782505214026,0.05338838781072566,-0.03962596311098542,-0.09021170019764906,-0.22168320813008402,0.9095865674176141,0.7189193148548113,0.5325040064224227,0.40953615873251265,0.42438796839143994,0.22854344149789002,0.30006597601341584,0.045322698709270824
-0.4803636081655806,-0.06112453165235987,-0.12428769368688904,-0.012066615611270206,0.2172594643808582,0.4071588815438629,1.0854194870059508,1.2886756750274095,1.0418380584689035,1.1930236478236995,0.750522027729142,1.2291512520473389,1.084092272512877,1.924472379642462,-0.445793848524533,-0.7175019188294589,-0.7063107780293645,-0.7931598716397441,-0.7625092775456154,0.724815641346629,0.18857319622557386,0.3901583874110157,0.26472763111878855,0.5634443933959923,1.0870759955667504,0.44085755163204005,1.5752232612466408
-0.49552524366061956,0.5467020777265063,0.08498103561080879,0.40709947912683636,0.2308626842457674,0.7751077835074235,0.8329497237034975,1.4077418446826422,0.7874749978554109,1.0760422161780878,0.5339109681905622,0.9848677543283382,0.4584026564918564,0.8179518118650385,0.742758456497338,0.3095938191228028,0.25602285845065564,0.15702709475284854,0.4988864320449848,0.392621104048794,0.9500016113476124,0.13423913620965647,1.0755898615350048,0.02396636500241897,1.297132569149916,-0.105352101224155,1.0821148154701332
-0.26051989348751603,-0.4619658519492289,-0.46674422901458096,-0.4880651399127676,-0.5212931535564027,-0.5268466021817809,-0.5447967887403933,-0.5370704175136519,-0.576869964956591,-0.49069418557995564,-0.596064627074173,-0.5054292018904173,-0.6340770800372244,-0.495524923038165,-0.445793848524533,-0.7175019188294589,-0.7063107780293645,-0.8341225122232585,-0.7922892774347695,-1.013472539030405,-0.9174373005924433,-0.9490009290331777,-0.9589371893275014,-1.0651397957996585,-1.0674776927072525,-1.1792732437165796,-1.1952755339189267
-0.37044175082654834,-0.1113510572328642,0.0312374338359444,0.09475360566641207,-0.04012760910238963,-0.07689578611135885,-0.1605361430464877,-0.21712282013305514,-0.21346112390915287,-0.27153474350104445,-0.31846843526106505,-0.3529712426701526,-0.3962932230299067,-0.42610330285964976,-0.3940413865346508,0.25804953116652685,0.1760469022854223,0.10728674547286668,-0.0765057086704577,-0.17020948281282394,-0.36790236935691323,-0.29935975290665046,-0.4986295393336494,-0.41198060243886,-0.5946176954535686,-0.5467388291672138,-0.6281105083737862
-0.5713334211358142,-0.4951014651425661,-0.4781602819379156,-0.5132422687347856,0.06108820982540463,-0.13264738864945927,-0.07610933071224933,-0.26943442697892866,-0.128401186028785,-0.27469950328140685,-0.24603290462971636,-0.3304658300608485,-0.3236608373682092,-0.33281690875791325,-0.445793848524533,-0.7175019188294589,-0.7063107780293645,-0.02145298207532137,-0.20147535106244377,-0.28552750759471535,-0.46384643238837653,-0.3881995718641243,-0.5756204985852901,-0.5013015177702512,-0.5412502941887171,-0.6371742937981548,-0.6838034647038557
-0.37044175082654834,-0.5842331120484124,-0.5464843644180457,-0.6125216982466496,-0.6167185614388102,-0.7013296751138746,-0.6391025389980505,-0.7371079535209277,-0.6922898551836878,-0.7080726299042773,-0.7240245731698183,-0.773541297285361,-0.7983200964107704,-0.8189734026350622,-0.445793848524533,-0.7175019188294589,-0.7063107780293645,-0.8341225122232585,-0.7922892774347695,-1.013472539030405,-0.9174373005924433,-0.9490009290331777,-0.9589371893275014,-1.0651397957996585,-1.0674776927072525,-1.20804816428097,-1.2121339423215425
-0.010352907819373558,-0.6076152434093082,-0.5616097342218328,-0.6362185148721727,-0.6343178254281974,-0.7341448097263454,-0.6551205593118024,-0.7735765713235677,-0.7096465178238407,-0.7457761727493023,-0.7401118538964151,-0.8166480879851822,-0.8181819690921438,-0.8677084237989133,-0.445793848524533,-0.7175019188294589,-0.7063107780293645,-0.8341225122232585,-0.7922892774347695,-1.013472539030405,-0.9174373005924433,-0.9490009290331777,-0.9589371893275014,-1.0651397957996585,-1.0674776927072525,-1.20804816428097,-1.2121339423215425
-0.5334293323982169,-0.6164787479235149,-0.5659672812367333,-0.6440469626903711,-0.5992529707082112,-0.7158052895373765,-0.6201671427791489,-0.7357527989371364,-0.6765389448551002,-0.7188339185091027,-0.712817273500345,-0.7947335394737529,-0.7917137667132271,-0.850223671149831,-0.445793848524533,-0.7175019188294589,-0.7063107780293645,-0.8341225122232585,-0.7922892774347695,-0.9400883414419287,-0.8717107684242565,-0.8924664987875125,-0.9222436257692725,-1.0082992133160458,-1.032726826767349,-1.1504983231521893,-1.1784171255163112
-0.4121362484379054,-0.49270773304524496,-0.49836658600808875,-0.5951349258021038,-0.5720496762315407,-0.7106066411934264,-0.6042265168801468,-0.7642040054326834,-0.6604787785257668,-0.746101560624559,-0.6991407214232773,-0.8239093320523904,-0.7780000464391333,-0.8805231361407948,-0.39667286765278037,-0.6750536816889964,-0.6696005030682738,-0.7931598716397441,-0.7625092775456154,-0.9767804402361668,-0.89457403450835,-0.9207337139103452,-0.9405904075483871,-1.0367195045578521,-1.0501022597373006,-1.1792732437165796,-1.1952755339189267
-0.5334293323982169,-0.6396404773780139,-0.5795942060195863,-0.666382995433402,-0.6511527929026312,-0.7719419355611119,-0.6696903858309116,-0.8129790108030652,-0.7233000380960874,-0.7838472449990758,-0.7304340501348363,-0.8457587853665961,-0.7780000464391333,-0.8738534213211693,-0.445793848524533,-0.7175019188294589,-0.7063107780293645,-0.7931598716397441,-0.7625092775456154,-0.9767804402361668,-0.89457403450835,-0.9207337139103452,-0.9405904075483871,-0.9793714168734928,-0.9976656852386967,-1.1212095647205778,-1.1275408573012746
-0.28326234673007444,-0.6396404773780139,-0.5808296011308894,-0.6720678145872883,-0.654873627376663,-0.7829892036139761,-0.6733121820872597,-0.8261460095285653,-0.7300825244030442,-0.799360854610038,-0.7508554653289108,-0.8711715748134299,-0.8298553333544237,-0.9270848921073774,-0.445793848524533,-0.6750536816889964,-0.6696005030682738,-0.7931598716397441,-0.7625092775456154,-0.9767804402361668,-0.89457403450835,-0.9207337139103452,-0.9405904075483871,-1.0367195045578521,-1.032726826767349,-1.0348848030274067,-1.0769656320934275
-0.24156784911871734,-0.6484202849657407,-0.5857570896166574,-0.6762013926550519,-0.6598226832049716,-0.7865219495302816,-0.6748613821519999,-0.8278769115196806,-0.7300825244030442,-0.7990886617802057,-0.7454949141815216,-0.8679437293126462,-0.7678151941124632,-0.8887433313955047,-0.24843276466481273,-0.5469509660329579,-0.5588141375606965,-0.6695404741644954,-0.6726374921658467,-0.8660489278035551,-0.8255759636474254,-0.8354272968432254,-0.8485288775496166,-0.9509511256316866,-0.9629148192987934,-0.48610596083510554,-0.68771702379732
-0.19608294263360054,-0.36796583381980985,-0.3729043053002361,-0.36508889377538056,-0.44603825411183623,-0.5073328677479898,-0.4991170310312965,-0.6038170605884304,-0.5545810655865937,-0.6259007924636687,-0.6089601120724482,-0.7201876462610622,-0.6875743569952077,-0.7924602435557296,-0.445793848524533,2.009039313210604,1.6516688475964068,1.796995669542835,1.808142855743154,1.3433395924495013,1.813498178630782,0.8666628709101933,1.2325203699670724,0.7603564112856501,1.0777677279042763,0.6402266441138871,0.8692774093871106
-0.16196926276976292,-0.46485618581032995,-0.2580861512928124,-0.314386559172985,0.7325966116608379,0.516641450252301,0.484013725379097,0.6446050202012223,0.43592229177673925,0.35610737985546814,0.23453493472213738,0.17569940158037906,0.15821302122276218,0.0711195971763081,-0.445793848524533,-0.5045027288924954,-0.5221038625996058,-0.2174884762964259,-0.1945621368024615,0.9017239748188488,0.7348419465919478,0.5264467460389585,0.3852921970958259,0.4182979059824814,0.2055830479304541,0.2938999216067607,0.023045516177243163
-0.15438844502224347,1.4282678548500771,0.5797419028416251,0.2716975423249936,0.5107776334012493,0.04762705262779501,0.2989886033371099,-0.14779698349652817,0.24950964688269012,-0.2238630018193354,0.07578924097045947,-0.04480619760667021,-0.0009640891015403026,-0.14591441097446048,-0.39667286765278037,1.667937407617602,1.3933858416201619,1.4678315934253088,0.9110203590823859,1.0484923699958015,0.3902598648959691,0.6395156065302887,0.09043320421720186,0.5319790709497065,-0.07366498194376862,0.40899960386432194,-0.2478931902933654
-0.146807627274724,4.36020466820668,2.2252318232595925,1.7005665913702745,2.163469771513556,1.2554006997913265,1.6775431659417797,0.7807514174352799,1.6384021351556068,0.4703661923580091,1.2585453878117447,0.28220077747622135,1.1850063849511598,0.11995212219885416,3.7452784122832155,2.9042423143335716,2.7575658807992642,2.6608685004201655,2.017666426391846,2.1171497473779888,1.239875163485225,1.4627982469827876,0.7722127199732205,1.3597200533673153,0.6067693841830873,1.2470691653021901,0.4291525328759665
-0.15438844502224347,-0.32398867874979437,-0.1847359366108028,-0.1865332951246968,-0.25704628295746307,-0.25545493162753435,-0.3414737905738854,-0.27702681253019623,-0.3627128276537453,-0.17459333624066556,3.722582428196971,2.1827495736349056,3.655739836367515,2.833539743077081,-0.445793848524533,0.17770108229350867,0.06788269927506592,0.029750318654071687,-0.16425035120100104,-0.23966238410191756,-0.43526734978325976,-0.3528655529605835,-0.5720166664501068,0.1899205656465379,0.0662693085820918,1.2470691653021901,1.3262606943008701
-0.37044175082654834,-0.015635252110609982,5.91676465089317,5.077075961203914,5.871160232640059,4.388874482705779,4.770226602888354,3.4082474403907255,4.75427793049978,2.5744340380820656,3.9119698111232895,2.231037691667572,3.8456419095113095,1.93073517084372,-0.445793848524533,0.8985631094467196,0.6913018329893024,0.7253837328491106,0.9392050018346211,0.38344807935023445,1.0545193991606108,0.1271723324289483,0.6788407055616561,0.01686129219196737,0.4835899754496803,-0.1125458313652526,0.2927800506190935
-0.19229253375984082,-0.444088188453152,-0.4518036204568442,-0.4671148475133943,-0.4986426130113984,-0.4927730601424976,-0.505572249929337,-0.48404779449654234,-0.4004354517105397,-0.35683956186371013,-0.46969382610137317,-0.31387469166851295,0.5638048750468335,0.2752098271838017,-0.445793848524533,-0.7175019188294589,-0.7063107780293645,-0.8341225122232585,-0.7922892774347695,-1.013472539030405,-0.9174373005924433,-0.6981293948180386,-0.7961095010378613,-0.8129097110286275,-0.8788301347477775,1.2624843013188278,0.418314984617142
-0.4121362484379054,-0.5195939757280934,-0.4877944848781539,-0.532855420214876,-0.5486206855324174,-0.5846334345725227,-0.45380063354060185,-0.5213259851674213,-0.5089248356645105,-0.5162727122920094,-0.5700800784932532,-0.581205018781417,-0.6485886607650528,-0.6258137497115485,-0.445793848524533,-0.6758116859236475,-0.670256043692579,-0.7938913473644497,-0.7337928490810739,0.398518048497868,0.007300157987405018,0.13878208149725457,0.12712676777543078,0.028533911809137835,-0.038914116003865205,-0.10072756041916371,-0.21417637348813398
-0.5713334211358142,-0.5611020714669559,-0.5319946985625337,-0.5894763766073389,-0.605824977160865,-0.6752365241514953,-0.6323993956188619,-0.712699331543522,-0.6855470170819549,-0.6853852884532619,-0.7168475346086381,-0.7489947746938861,-0.7888755502476786,-0.7921536418266544,-0.2519414061556522,-0.508292750065751,-0.38050708774968467,-0.6322352122045091,-0.49874356424167876,-0.8326329092588025,-0.6920708206206658,-0.809683940213503,-0.7780903403619454,-0.925068360393613,-0.8962055677177291,-1.0662289129279034,-1.0459582023529026
-0.5713334211358142,2.569932990599701,1.2204782464117034,2.316178126920787,1.1543184442450587,1.937084829971367,0.8357831463451899,1.8957902083889955,0.7903296686315268,1.6058448341047233,0.536341955064037,1.3146688155689765,0.4608402499572977,1.0520957745953403,-0.30018522665469494,0.49682086508162826,0.45268504574221285,0.3377015987551351,0.147907861922811,0.036183572904765864,0.391076410113258,-0.1403566678407172,0.5798991323957178,-0.2521164642036995,0.389886747647441,-0.38487990099251823,0.20186506244784475
-0.4121362484379054,-0.47827001322748625,-0.4789384712539075,-0.5059707440499623,-0.5188681633793286,-0.540418543118589,-0.5501750446806425,-0.5513171400536404,-0.5677125511567267,-0.4970920987705115,-0.5048035791129105,-0.46047157947723233,0.3112589068721839,0.017079351608440263,0.03927583758402393,-0.298325577067392,-0.3437968127885939,-0.4296164364610539,-0.4982117785293725,-0.651138063437303,-0.6238892949770302,-0.6698621796952059,-0.7233776161278006,-0.7844894197868211,-0.8443895443966233,-0.21428572907506127,-0.4134668442476262
-0.37044175082654834,-0.523457983833909,-0.5067841831162834,-0.550604718095298,-0.5651411276920557,-0.6115954591730401,-0.5974381084677591,-0.6388170076116239,-0.64408028084519,-0.6057060188553836,-0.66108114591388,-0.6457900949881984,-0.731499565539361,-0.6705680208524982,-0.445793848524533,-0.7175019188294589,-0.7063107780293645,-0.8341225122232585,-0.7922892774347695,-0.651138063437303,-0.6916625480120212,-0.6698621796952059,-0.7777627192587467,-0.7844894197868211,-0.8958952921289799,-0.9238958237076155,-0.9956840201522452
-0.5334293323982169,1.8737252167557572,1.6558978724216367,2.3922349125692706,1.5916438776962885,2.307873848607395,1.2005679466866859,1.57572381498969,1.1578500285606763,1.1542727843440912,0.8493157586275188,0.9157372807923554,0.7746646094159577,0.7037922651230428,-0.445793848524533,1.6702114203215552,1.3586421885319866,1.4700260205994258,1.7294385703218182,2.1302540683759306,2.977483385876322,1.4728936809552275,2.6982971856770326,1.3698701573822458,2.396128704499357,1.257345922646615,2.1983822861290405
-0.5334293323982169,-0.3371095669242715,-0.3786209435148973,-0.3553571874188315,-0.4074790231444711,-0.33218522996605404,-0.40352968173617026,-0.2897124673872976,-0.35215979703000205,-0.17903615880069843,0.4548284891912771,0.36138470349108515,0.37910525832696623,0.2705183698440549,-0.3484290471537376,-0.4666025171599396,-0.41656182208647013,-0.5920040473457002,-0.5279917784185265,-0.5790642979486208,-0.4438410745647948,-0.614337292846785,-0.39772223954852026,0.5614143725930059,0.4584576527609999,0.4388022001631547,0.26839556703673845
-0.5713334211358142,0.8957656894054461,1.6105499469291642,1.8937650652352662,1.5460974668607395,2.6229022840992426,1.1625764714326623,1.9405217492707267,1.1195736512375891,1.455948795391749,0.8167202762990105,1.2775877120198331,0.7419805437001658,1.6156708958823431,-0.39667286765278037,1.288177286057393,1.064959988843261,1.1013622553477962,1.3933500001442216,0.7202291289973493,1.0822819365484384,0.38662498552066166,0.7011189405791521,0.2777189653756895,0.5046887154846216,0.1515668323864729,0.33010938351059965
-0.28326234673007444,-0.4416442381999431,-0.4536340094113605,-0.4674997024145238,-0.5011997038206866,-0.4949272830256849,-0.5167445928178986,-0.4932311667280012,-0.5302040274081411,-0.4318832632174862,-0.527262071270406,-0.41388156981059676,-0.21636158426906224,-0.20447421401558996,-0.445793848524533,-0.7175019188294589,-0.7063107780293645,-0.8341225122232585,-0.7922892774347695,-1.013472539030405,-0.9174373005924433,-0.9490009290331777,-0.9589371893275014,-1.0651397957996585,-1.0674776927072525,-1.1792732437165796,-1.1952755339189267
1.2670148826376568,-0.551292791683528,-0.5192352121721545,-0.5741544229497408,-0.54458532574359,-0.6170489322144804,-0.5813177701141683,-0.6587870583418585,-0.6373982366581336,-0.6358779722820478,-0.679485742368479,-0.6942547211517986,-0.7378418226114816,-0.7173755090872367,-0.3466747264083179,-0.631847440313883,-0.632234687482878,-0.5868837172727609,-0.5524539211846174,-0.7920095141651816,-0.5953102123719134,-0.7783880948989382,-0.6080549878019387,-0.8936030379473275,-0.7351725371569273,-0.8612076039066223,-0.6865128517685617
-0.4121362484379054,-0.5597127024873918,-0.5243552907703309,-0.5824136980975314,-0.5623733049218544,-0.6368051430124031,-0.4905642923165588,-0.58688466805511,-0.5459641889846143,-0.521537640099506,-0.601622133176589,-0.5920477505266325,-0.6802164359791536,-0.6572342272744435,-0.445793848524533,-0.7175019188294589,-0.7063107780293645,-0.8341225122232585,-0.7922892774347695,-0.16496775441364706,-0.388724272397784,0.1024385191964697,0.14776689727693432,-0.008006462644613249,0.22513041002164977,-0.13772388685909426,0.07602908544260677
-0.24156784911871734,-0.5787174845933961,-0.5293109631749879,-0.5955184672052773,-0.5192896273011548,-0.6172509958512566,-0.5602179538217518,-0.6457678946618628,-0.3342546675509196,-0.449207576907106,-0.42133406917251215,-0.5456699261663314,-0.49943841059836414,-0.6191367080123679,-0.445793848524533,-0.7175019188294589,-0.7063107780293645,0.23675794874576045,-0.013754994618311407,-0.05423624198103531,-0.273591396760028,0.35835777039782896,0.4062599477005281,0.24929867413388312,0.2952526930789545,0.12279191182208245,0.11004694525502749
-0.5713334211358142,-0.39910946016292875,-0.3766731215650099,-0.38291306103929873,-0.4498235662754011,-0.5617867727076825,-0.5022744607991452,-0.6421749750737977,-0.5577621732523858,-0.6458579154794098,-0.6116690867967324,-0.7266627406387253,-0.6902906937874842,-0.7864826370510019,-0.29755374553656533,-0.5893992031734204,-0.5214483219753007,1.347869574573588,0.9439910732453778,3.265088266797726,3.081592901080675,2.3471582629685495,2.2501115165015237,2.2488691650752552,1.9716716990905379,2.14731310867383,1.7365823131002471
0.8273274532815278,-0.5597127024873918,-0.5263579147847247,-0.5840936619833496,-0.5731222075549938,-0.6459137227279746,-0.5320503221620029,-0.621854696080999,-0.5877613269315778,-0.6073612828662434,-0.6372158326490496,-0.6665329299496051,-0.7159068669689896,-0.6935608961086619,-0.445793848524533,-0.7175019188294589,-0.7063107780293645,-0.7931598716397441,-0.7625092775456154,0.6094976165647374,0.11671721710413746,0.3013185684535418,-0.12907293492577393,0.19195058644952404,-0.28154962640569003,0.06472823282608059,-0.39871573689533757
2.9234235604706607,-0.4291064386132749,-0.3747049445625917,-0.3953847241322172,0.21061354447922737,0.07481359238028613,0.048613736311870714,-0.020933395161441347,-0.0027428076060540926,-0.1260103703392887,-0.13902446392138926,-0.20747784363744276,-0.21636158426906224,-0.225934644232497,-0.39667286765278037,-0.6750536816889964,-0.6696005030682738,-0.2160255248470147,-0.31315035064677177,0.019147955607441005,0.09385395102004414,-0.15348073200488946,-0.0920517502643466,-0.26531159942310956,-0.07180332841127374,-0.39823968554027084,-0.00886504258485059
-0.33253766208895097,-0.4291064386132749,-0.4261296361221964,-0.43852393750354113,-0.4994965492410684,-0.5111877929073776,-0.5437080198549283,-0.5250183414229983,0.04497777220134984,-0.156173342784258,-0.0983864666864684,-0.2508181007657675,-0.17561314683843543,-0.32528994903034036,-0.39667286765278037,-0.24829729758041832,-0.2638208566233607,-0.3813390386304834,-0.43333392162800094,-0.6078938041440937,-0.6418532897573892,0.017132102129350072,-0.11072615314665947,-0.09377484157077859,-0.19436218596718266,-0.22456248641948637,-0.34814051168749066
-0.37044175082654834,-0.20629685063150444,-0.3376243019442389,-0.3745592140386709,-0.4106038321469652,-0.47173823555408495,-0.46956023521527346,-0.5317025974090238,-0.5248026202498144,-0.5215390217889977,-0.5836013175200709,-0.5583760079320692,0.17210166139831118,-0.1405770610216252,-0.10984142577665362,-0.3854960640522703,-0.16811192547480278,-0.5137361448021995,-0.3556932076312776,-0.7264879091754706,-0.5822454888952886,-0.7279109250367373,-0.6899602636015565,-0.8428525178726733,-0.8127414343442114,0.5544157202879372,0.0675998812412987
1.122979345434787,-0.5280306259172531,-0.3939451665241793,-0.45809899754290534,-0.46717121001295187,-0.5617272761924094,-0.5167445928178986,-0.6194497366800237,-0.5723408183131887,-0.6064210431672533,-0.5836013175200709,-0.6033480263984864,-0.6621466459010767,-0.647137223641387,-0.445793848524533,-0.42718629695808163,-0.4552387189204764,-0.5539673096610083,-0.5306507069800582,-0.7625247919198117,-0.7165671771393372,-0.7556733684609478,-0.7977476065538535,-0.870765303913733,-0.7959865525517581,-0.9829871784380599,-0.8168644738816435
-0.28705275560383414,-0.5802240292700318,-0.543188411681299,-0.6078692884862371,-0.6060357091217781,-0.6897278546356354,-0.6317723696824133,-0.7230961831068304,-0.684941721148871,-0.6932312122309471,-0.7103412683514354,-0.7524848787296374,-0.6348230287782691,-0.7183590017659799,-0.445793848524533,-0.7175019188294589,-0.7063107780293645,-0.3542744368163757,-0.443437850161821,-0.5836508102979006,-0.6496104693216352,-0.617870694737139,-0.7440177456293043,-0.7322163841099274,-0.863936906487819,-0.5092286648600621,-0.6052312398273791
-0.33253766208895097,-0.5694271257541428,-0.39767797000370614,-0.48072005934240425,-0.47092035176531527,-0.5977406291447452,-0.5198718518816923,-0.6601140538693632,-0.5754915290216426,-0.6564699816191495,-0.6267670909206513,-0.7352709545561733,-0.7054297291295653,-0.7937706277838544,-0.445793848524533,-0.1778029037578646,-0.23956585352406862,-0.3133117962328613,-0.41365785027266694,-0.5469587115036625,-0.537335501944391,-0.5896034796143063,-0.6539219422497247,-0.7037960928681211,-0.7786111195818064,-0.8421956028194357,-0.9318629026280573
1.3011285625014946,2.7568617061995986,1.3253881871563564,0.9513736271850376,1.2596875699547287,0.6196815566748546,0.9236743425667937,0.2852717027807984,0.8788799701784327,0.08303994057480173,0.6117498173309631,-0.06774036223614814,0.5364530450366946,-0.18878454685750873,4.05140738235896,3.1687857922268114,2.905718061892237,2.916153528342425,2.1670982115499227,2.3458201487920807,1.3545997665143361,1.6389635698018694,0.8642742499719908,1.5368393684278583,0.6592059586816913,1.4263985809624087,0.4631703926883872
-0.2453582579924771,-0.5298914875826533,-0.5106986162953173,-0.5569173892721876,-0.5648077308583723,-0.6167525722138752,-0.5824144096180826,-0.6327812898906985,-0.6079713387410056,-0.5820922546002935,-0.5359292147484752,-0.5547932684233459,-0.44016990540784984,-0.4431332253701959,-0.445793848524533,-0.7175019188294589,-0.7063107780293645,-0.7543916582303466,-0.7343246347933802,-0.94205398959162,-0.8729355862501902,-0.8939808138833786,-0.9232264890788681,-1.0098217289182854,-1.0336576535335964,0.45627268764867757,-0.20424195425087838
-0.4917348347868598,-0.062293498725527204,-0.2568053487566326,-0.3078413988578705,-0.3294311389045198,-0.3725204995938829,-0.40185192823676086,-0.47813351270585286,-0.45658656155537103,-0.5034789584451351,-0.5255097348991095,-0.5859231687494038,-0.6038971902009761,-0.6473959188502942,0.9945034834650701,0.527141034467673,0.370086927079759,0.36696062774335986,0.2266121473441471,0.06239221490065042,-0.13518698242953403,-0.12016579989583667,-0.3312151555992305,-0.23181625617383772,-0.472989664663907,-0.36432638630366787,-0.6353355405463356
-0.4538307460492625,-0.34862905390543586,0.5631963766804844,0.42929234059265536,0.4941596883940243,0.4814621710895473,0.2851271324784238,0.18926252040121583,0.23554422739601577,0.020061151861114932,0.06389653805749257,-0.10449411205310037,-0.012889112318817194,-0.12464786126270395,-0.445793848524533,1.7293357506243425,1.4097743572277917,1.5270811271264637,1.942684640956654,1.1015648700374676,1.182308725666347,0.6804021141186717,0.7260181444222359,0.5730869922101764,0.5282696602295558,0.45062047110924375,0.4845444461988464
-0.15059803614848374,-0.5662354829577145,-0.535040127575822,-0.5944479663710774,-0.6021466036043306,-0.6754812456671465,-0.6234413200539932,-0.7063397846753011,-0.6718075923650563,-0.6732105314985954,-0.6999082830194392,-0.7285436162892692,-0.7629580634294728,-0.7607945973307982,-0.445793848524533,-0.7175019188294589,-0.7063107780293645,-0.8341225122232585,-0.7922892774347695,-1.013472539030405,-0.9174373005924433,-0.9490009290331777,-0.9589371893275014,-1.0651397957996585,-1.0674776927072525,-1.20804816428097,-1.2121339423215425
2.3624430471542204,-0.5678368841510273,-0.5253589514374353,-0.5870805563354607,-0.27592881023121624,-0.436323215481759,-0.11115325935706802,-0.17521070476201683,-0.16370791278060715,-0.24975379035647632,-0.2760994853356793,-0.3646965150700328,-0.3538091287706462,-0.45836017190406625,-0.445793848524533,-0.7175019188294589,-0.7063107780293645,-0.8341225122232585,-0.7922892774347695,0.20588452982811745,-0.15764197590498305,-0.009620797897616532,-0.24177459442604796,-0.12067261721034532,-0.3882844289353929,-0.251795893382213,-0.5365934341881583
-0.28705275560383414,-0.5678368841510273,-0.5331565023300708,-0.5936217761567071,-0.5877004558957692,-0.6644631645840389,-0.5103956272689215,-0.6218687756091422,-0.26751352209080276,-0.3955572647955222,-0.36449849643617943,-0.49619319486897745,-0.4424483781887415,-0.574264079586297,-0.445793848524533,-0.7175019188294589,-0.7063107780293645,-0.8341225122232585,-0.7922892774347695,-1.013472539030405,-0.9174373005924433,0.07820947766261337,-0.2922282443186125,-0.03236671228044707,-0.43606686960275987,-0.16238810448571436,-0.5995114226907774
-0.28326234673007444,-0.4486357214585524,-0.12638582987085123,-0.19626894197511402,-0.19844078105160112,-0.15949378794671024,-0.06624351048624588,0.07191845303200904,-0.11846138097917036,-0.07721738763519861,-0.2375683433911033,-0.19039786535057307,-0.31517327234340187,-0.3014127757724872,-0.445793848524533,-0.5029867204231933,-0.5207927813509955,-0.2138310976728978,-0.19083963681631724,0.20916061007760306,0.30615570751519694,-0.007096939404506445,0.05996444161974393,-0.11813509120661259,0.2133399376491825,-0.24922670404610664,0.23467875023150744
4.303132390519203,-0.5771969904290138,-0.5457844637656344,-0.6177980195361972,-0.6196750993978888,-0.7139867168063899,-0.6439521517324654,-0.7517093041760252,-0.6914334539508531,-0.7190881493755453,-0.7133901310552517,-0.7776072434503972,-0.7922881810992963,-0.82466638804938,0.6945146359982952,0.2679035862169914,0.1458920335673836,0.11679592989403972,-0.10096785143654854,-0.16169167416416147,-0.38668290935456134,-0.2927977208245643,-0.5330297551694888,-0.4053830348291549,-0.47112801113141234,-0.5400589368933374,-0.5995114226907775
